{
  "id" : "77ef0cdc-2480-4f8f-80ea-cf2f5f00dced",
  "type" : "Observation-Collection",
  "href" : "https://cdc.dwd.de/portal/shortlink/77ef0cdc-2480-4f8f-80ea-cf2f5f00dced",
  "member" : [ {
    "id" : "R1_MN008",
    "type" : "Observation",
    "phenomenonTime" : {
      "timePeriod" : {
        "beginPosition" : "2019-05-06",
        "endPosition" : "2020-01-20"
      }
    },
    "procedure" : {
      "id" : "R1_MN008",
      "uuid" : "432300365966",
      "href" : "urn:x-wmo:md:de.dwd.cdc::R1_MN008",
      "title" : "Hourly station observations of precipitation amount in mm",
      "uom" : "mm"
    },
    "featureOfInterest" : {
      "type" : "DataArray",
      "count" : 1,
      "record" : {
        "encoding" : {
          "blockSeparator" : "newline",
          "tokenSeparator" : ",",
          "tokenEnclosing" : "\"",
          "decimalSign" : "."
        },
        "fields" : [ {
          "ix" : 1,
          "name" : "SDO_ID",
          "type" : "string"
        }, {
          "ix" : 2,
          "name" : "SDO_Name",
          "type" : "string"
        }, {
          "ix" : 3,
          "name" : "Geogr_Laenge",
          "type" : "double"
        }, {
          "ix" : 4,
          "name" : "Geogr_Breite",
          "type" : "double"
        }, {
          "ix" : 5,
          "name" : "Hoehe_ueber_NN",
          "type" : "double"
        }, {
          "ix" : 6,
          "name" : "Metadata_Link",
          "type" : "string"
        } ]
      },
      "values" : {
        "href" : "data/sdo_R1_MN008.csv"
      }
    },
    "result" : {
      "type" : "DataArray",
      "count" : 6241,
      "record" : {
        "fields" : [ {
          "ix" : 1,
          "name" : "Produkt_Code",
          "type" : "string",
          "description" : "reference to procedure.id"
        }, {
          "ix" : 2,
          "name" : "SDO_ID",
          "type" : "string",
          "description" : "reference to featureOfInterest.id"
        }, {
          "ix" : 3,
          "name" : "Zeitstempel",
          "type" : "datetime",
          "uom" : {
            "href" : "http://www.opengis.net/def/uom/ISO-8601/0/Gregorian",
            "title" : ""
          }
        }, {
          "ix" : 4,
          "name" : "Wert",
          "type" : "double",
          "description" : "value of the procedure at specified point in time in the procuedure.uom"
        }, {
          "ix" : 5,
          "name" : "Qualitaet_Niveau",
          "type" : "string",
          "uom" : {
            "href" : "https://cdc.dwd.de/skos/taxon/qs/Qualitaetsniveau",
            "title" : ""
          }
        }, {
          "ix" : 6,
          "name" : "Qualitaet_Byte",
          "type" : "string",
          "uom" : {
            "href" : "https://cdc.dwd.de/skos/taxon/qs/Qualitaetsbyte",
            "title" : ""
          }
        } ]
      },
      "values" : {
        "href" : "data/data_R1_MN008.csv"
      }
    }
  } ]
}