<?xml version="1.0" standalone="yes"?>
<gmd:MD_Metadata xmlns:gmd="http://www.isotc211.org/2005/gmd" xmlns:gco="http://www.isotc211.org/2005/gco" xmlns:xlink="http://www.w3.org/1999/xlink" xmlns:xsi="http://www.w3.org/2001/XMLSchema-instance" xsi:schemaLocation="http://www.isotc211.org/2005/gmd http://schemas.opengis.net/iso/19139/20060504/gmd/gmd.xsd">
  <gmd:fileIdentifier>
    <gco:CharacterString>urn:x-wmo:md:de.dwd.cdc::TT_TU_MN009</gco:CharacterString>
  </gmd:fileIdentifier>
  <gmd:language>
    <gmd:LanguageCode codeList="http://wis.wmo.int/2013/codelists/WMOCodeLists.xml#LanguageCode" codeListValue="ger">ger</gmd:LanguageCode>
  </gmd:language>
  <gmd:characterSet>
    <gmd:MD_CharacterSetCode codeList="http://standards.iso.org/ittf/PubliclyAvailableStandards/ISO_19139_Schemas/resources/codelist/gmxCodelists.xml#MD_CharacterSetCode" codeListValue="utf8">utf8</gmd:MD_CharacterSetCode>
  </gmd:characterSet>
  <gmd:hierarchyLevel>
    <gmd:MD_ScopeCode codeList="http://standards.iso.org/ittf/PubliclyAvailableStandards/ISO_19139_Schemas/resources/codelist/gmxCodelists.xml#MD_ScopeCode" codeListValue="dataset">dataset</gmd:MD_ScopeCode>
  </gmd:hierarchyLevel>
  <gmd:contact>
    <gmd:CI_ResponsibleParty>
      <gmd:individualName>
        <gco:CharacterString>RTH</gco:CharacterString>
      </gmd:individualName>
      <gmd:organisationName>
        <gco:CharacterString>Deutscher Wetterdienst</gco:CharacterString>
      </gmd:organisationName>
      <gmd:positionName>
        <gco:CharacterString>RTH FOCAL POINT</gco:CharacterString>
      </gmd:positionName>
      <gmd:contactInfo>
        <gmd:CI_Contact>
          <gmd:phone>
            <gmd:CI_Telephone>
              <gmd:voice>
                <gco:CharacterString>+49 (0) 69 8062-2546</gco:CharacterString>
              </gmd:voice>
              <gmd:facsimile>
                <gco:CharacterString>+49 (0) 69 8062-4162</gco:CharacterString>
              </gmd:facsimile>
            </gmd:CI_Telephone>
          </gmd:phone>
          <gmd:address>
            <gmd:CI_Address>
              <gmd:deliveryPoint>
                <gco:CharacterString>Frankfurter Straße 135</gco:CharacterString>
              </gmd:deliveryPoint>
              <gmd:city>
                <gco:CharacterString>Offenbach</gco:CharacterString>
              </gmd:city>
              <gmd:postalCode>
                <gco:CharacterString>63067</gco:CharacterString>
              </gmd:postalCode>
              <gmd:country>
                <gco:CharacterString>Germany</gco:CharacterString>
              </gmd:country>
              <gmd:electronicMailAddress>
                <gco:CharacterString>rth@dwd.de</gco:CharacterString>
              </gmd:electronicMailAddress>
            </gmd:CI_Address>
          </gmd:address>
          <gmd:onlineResource>
            <gmd:CI_OnlineResource>
              <gmd:linkage>
                <gmd:URL>www.dwd.de</gmd:URL>
              </gmd:linkage>
            </gmd:CI_OnlineResource>
          </gmd:onlineResource>
        </gmd:CI_Contact>
      </gmd:contactInfo>
      <gmd:role>
        <gmd:CI_RoleCode codeList="http://standards.iso.org/ittf/PubliclyAvailableStandards/ISO_19139_Schemas/resources/codelist/gmxCodelists.xml#CI_RoleCode" codeListValue="pointOfContact">pointOfContact</gmd:CI_RoleCode>
      </gmd:role>
    </gmd:CI_ResponsibleParty>
  </gmd:contact>
  <gmd:dateStamp>
    <gco:DateTime>2019-08-07T14:08:55Z</gco:DateTime>
  </gmd:dateStamp>
  <gmd:metadataStandardName>
    <gco:CharacterString>ISO 19115-2 Geographic information  Metadata  Part 2: Extensions for imagery and gridded data</gco:CharacterString>
  </gmd:metadataStandardName>
  <gmd:metadataStandardVersion>
    <gco:CharacterString>ISO 19115-2:2009-02-15</gco:CharacterString>
  </gmd:metadataStandardVersion>
  <gmd:locale>
    <gmd:PT_Locale id="eng">
      <gmd:languageCode>
        <gmd:LanguageCode codeList="http://wis.wmo.int/2013/codelists/WMOCodeLists.xml#LanguageCode" codeListValue="eng">eng</gmd:LanguageCode>
      </gmd:languageCode>
      <gmd:characterEncoding>
        <gmd:MD_CharacterSetCode codeList="http://wis.wmo.int/2013/codelists/WMOCodeLists.xml#MD_CharacterSetCode" codeListValue="utf8">utf8</gmd:MD_CharacterSetCode>
      </gmd:characterEncoding>
    </gmd:PT_Locale>
  </gmd:locale>
  <gmd:referenceSystemInfo>
    <gmd:MD_ReferenceSystem>
      <gmd:referenceSystemIdentifier>
        <gmd:RS_Identifier>
          <gmd:authority>
            <gmd:CI_Citation>
              <gmd:title>
                <gco:CharacterString>European Petroleum Survey Group (EPSG) Geodetic Parameter Registry</gco:CharacterString>
              </gmd:title>
              <gmd:date>
                <gmd:CI_Date>
                  <gmd:date>
                    <gco:Date>2008-11-12</gco:Date>
                  </gmd:date>
                  <gmd:dateType>
                    <gmd:CI_DateTypeCode codeList="http://standards.iso.org/ittf/PubliclyAvailableStandards/ISO_19139_Schemas/resources/codelist/gmxCodelists.xml#CI_DateTypeCode" codeListValue="revision">revision</gmd:CI_DateTypeCode>
                  </gmd:dateType>
                </gmd:CI_Date>
              </gmd:date>
            </gmd:CI_Citation>
          </gmd:authority>
          <gmd:code>
            <gco:CharacterString>http://www.opengis.net/def/crs/EPSG/0/4258</gco:CharacterString>
          </gmd:code>
        </gmd:RS_Identifier>
      </gmd:referenceSystemIdentifier>
    </gmd:MD_ReferenceSystem>
  </gmd:referenceSystemInfo>
  <gmd:metadataExtensionInfo>
    <gmd:MD_MetadataExtensionInformation>
      <gmd:extensionOnLineResource>
        <gmd:CI_OnlineResource>
          <gmd:linkage>
            <gmd:URL>http://www.wmo.int/pages/prog/wis/2012/metadata/version_1-3/</gmd:URL>
          </gmd:linkage>
          <gmd:name>
            <gco:CharacterString>WMO Core Metadata Profile, version 1.3</gco:CharacterString>
          </gmd:name>
        </gmd:CI_OnlineResource>
      </gmd:extensionOnLineResource>
    </gmd:MD_MetadataExtensionInformation>
  </gmd:metadataExtensionInfo>
  <gmd:identificationInfo>
    <gmd:MD_DataIdentification>
      <gmd:citation>
        <gmd:CI_Citation>
          <gmd:title xsi:type="gmd:PT_FreeText_PropertyType">
            <gco:CharacterString>Stündliche Stationsmessungen der Lufttemperatur auf 2 m Höhe in °C für Deutschland</gco:CharacterString>
            <gmd:PT_FreeText>
              <gmd:textGroup>
                <gmd:LocalisedCharacterString locale="#eng">Hourly station observations of air temperature at 2 m above ground in °C for Germany</gmd:LocalisedCharacterString>
              </gmd:textGroup>
            </gmd:PT_FreeText>
          </gmd:title>
          <gmd:date>
            <gmd:CI_Date>
              <gmd:date>
                <gco:Date>2019-08-07</gco:Date>
              </gmd:date>
              <gmd:dateType>
                <gmd:CI_DateTypeCode codeList="http://standards.iso.org/ittf/PubliclyAvailableStandards/ISO_19139_Schemas/resources/codelist/gmxCodelists.xml#CI_DateTypeCode" codeListValue="publication">publication</gmd:CI_DateTypeCode>
              </gmd:dateType>
            </gmd:CI_Date>
          </gmd:date>
          <gmd:date>
            <gmd:CI_Date>
              <gmd:date>
                <gco:Date>2019-08-07</gco:Date>
              </gmd:date>
              <gmd:dateType>
                <gmd:CI_DateTypeCode codeList="http://standards.iso.org/ittf/PubliclyAvailableStandards/ISO_19139_Schemas/resources/codelist/gmxCodelists.xml#CI_DateTypeCode" codeListValue="revision">revision</gmd:CI_DateTypeCode>
              </gmd:dateType>
            </gmd:CI_Date>
          </gmd:date>
          <gmd:identifier>
            <gmd:MD_Identifier>
              <gmd:code>
                <gco:CharacterString>urn:x-wmo:md:de.dwd.cdc::TT_TU_MN009</gco:CharacterString>
              </gmd:code>
            </gmd:MD_Identifier>
          </gmd:identifier>
          <gmd:citedResponsibleParty>
            <gmd:CI_ResponsibleParty>
              <gmd:individualName>
                <gco:CharacterString>RTH</gco:CharacterString>
              </gmd:individualName>
              <gmd:organisationName>
                <gco:CharacterString>Deutscher Wetterdienst</gco:CharacterString>
              </gmd:organisationName>
              <gmd:positionName>
                <gco:CharacterString>RTH FOCAL POINT</gco:CharacterString>
              </gmd:positionName>
              <gmd:contactInfo>
                <gmd:CI_Contact>
                  <gmd:phone>
                    <gmd:CI_Telephone>
                      <gmd:voice>
                        <gco:CharacterString>+49 (0) 69 8062-2546</gco:CharacterString>
                      </gmd:voice>
                      <gmd:facsimile>
                        <gco:CharacterString>+49 (0) 69 8062-4162</gco:CharacterString>
                      </gmd:facsimile>
                    </gmd:CI_Telephone>
                  </gmd:phone>
                  <gmd:address>
                    <gmd:CI_Address>
                      <gmd:deliveryPoint>
                        <gco:CharacterString>Frankfurter Straße 135</gco:CharacterString>
                      </gmd:deliveryPoint>
                      <gmd:city>
                        <gco:CharacterString>Offenbach</gco:CharacterString>
                      </gmd:city>
                      <gmd:postalCode>
                        <gco:CharacterString>63067</gco:CharacterString>
                      </gmd:postalCode>
                      <gmd:country>
                        <gco:CharacterString>Germany</gco:CharacterString>
                      </gmd:country>
                      <gmd:electronicMailAddress>
                        <gco:CharacterString>rth@dwd.de</gco:CharacterString>
                      </gmd:electronicMailAddress>
                    </gmd:CI_Address>
                  </gmd:address>
                  <gmd:onlineResource>
                    <gmd:CI_OnlineResource>
                      <gmd:linkage>
                        <gmd:URL>www.dwd.de</gmd:URL>
                      </gmd:linkage>
                    </gmd:CI_OnlineResource>
                  </gmd:onlineResource>
                </gmd:CI_Contact>
              </gmd:contactInfo>
              <gmd:role>
                <gmd:CI_RoleCode codeList="http://standards.iso.org/ittf/PubliclyAvailableStandards/ISO_19139_Schemas/resources/codelist/gmxCodelists.xml#CI_RoleCode" codeListValue="distributor">distributor</gmd:CI_RoleCode>
              </gmd:role>
            </gmd:CI_ResponsibleParty>
          </gmd:citedResponsibleParty>
          <gmd:presentationForm>
            <gmd:CI_PresentationFormCode codeList="http://standards.iso.org/ittf/PubliclyAvailableStandards/ISO_19139_Schemas/resources/codelist/gmxCodelists.xml#CI_PresentationFormCode" codeListValue="mapDigital">mapDigital</gmd:CI_PresentationFormCode>
          </gmd:presentationForm>
          <gmd:presentationForm>
            <gmd:CI_PresentationFormCode codeList="http://standards.iso.org/ittf/PubliclyAvailableStandards/ISO_19139_Schemas/resources/codelist/gmxCodelists.xml#CI_PresentationFormCode" codeListValue="tableDigital">tableDigital</gmd:CI_PresentationFormCode>
          </gmd:presentationForm>
        </gmd:CI_Citation>
      </gmd:citation>
      <gmd:abstract xsi:type="gmd:PT_FreeText_PropertyType">
        <gco:CharacterString>Diese Daten stammen aus den Stationen des DWD (Partnernetze nicht enthalten). Umfangreiche Stationsmetadaten (Stationsverlegungen, Instrumentenwechsel, Wechsel der Bezugszeit, Änderungen in den Algorithmen) werden mitgeliefert. Bis zum Stichtag sind die Daten versioniert, für jüngere Daten ist die Qualitätskontrolle noch nicht abgeschlossen.

Version:  v19.3 &amp; recent
Stichtag: 2018-12-31
Stand: 2019-08-07</gco:CharacterString>
        <gmd:PT_FreeText>
          <gmd:textGroup>
            <gmd:LocalisedCharacterString locale="#eng">This data are from DWD stations operated for climatological and climate related applications (partner stations not included). Comprehensive station metadata (station relocation, instrument change, time zones, change of algorithms) are included. The most recent data have not completed the full quality control as applied to the versioned period.

version:  v19.3 &amp; recent
cutoff-date: 2018-12-31
issued: 2019-08-07</gmd:LocalisedCharacterString>
          </gmd:textGroup>
        </gmd:PT_FreeText>
      </gmd:abstract>
      <gmd:pointOfContact>
        <gmd:CI_ResponsibleParty>
          <gmd:individualName>
            <gco:CharacterString>Dr. Frank Kaspar</gco:CharacterString>
          </gmd:individualName>
          <gmd:organisationName>
            <gco:CharacterString>Deutscher Wetterdienst</gco:CharacterString>
          </gmd:organisationName>
          <gmd:positionName>
            <gco:CharacterString>Nationales Klimadatenzentrum (NKDZ)</gco:CharacterString>
          </gmd:positionName>
          <gmd:contactInfo>
            <gmd:CI_Contact>
              <gmd:phone>
                <gmd:CI_Telephone>
                  <gmd:voice>
                    <gco:CharacterString>+49 (0) 69 8062-4963</gco:CharacterString>
                  </gmd:voice>
                  <gmd:facsimile>
                    <gco:CharacterString>+49 (0) 69 8062-3759</gco:CharacterString>
                  </gmd:facsimile>
                </gmd:CI_Telephone>
              </gmd:phone>
              <gmd:address>
                <gmd:CI_Address>
                  <gmd:deliveryPoint>
                    <gco:CharacterString>Frankfurter Straße 135</gco:CharacterString>
                  </gmd:deliveryPoint>
                  <gmd:city>
                    <gco:CharacterString>Offenbach</gco:CharacterString>
                  </gmd:city>
                  <gmd:postalCode>
                    <gco:CharacterString>63067</gco:CharacterString>
                  </gmd:postalCode>
                  <gmd:country>
                    <gco:CharacterString>Germany</gco:CharacterString>
                  </gmd:country>
                  <gmd:electronicMailAddress>
                    <gco:CharacterString>frank.kaspar@dwd.de</gco:CharacterString>
                  </gmd:electronicMailAddress>
                </gmd:CI_Address>
              </gmd:address>
              <gmd:onlineResource>
                <gmd:CI_OnlineResource>
                  <gmd:linkage>
                    <gmd:URL>www.dwd.de</gmd:URL>
                  </gmd:linkage>
                </gmd:CI_OnlineResource>
              </gmd:onlineResource>
            </gmd:CI_Contact>
          </gmd:contactInfo>
          <gmd:role>
            <gmd:CI_RoleCode codeList="http://standards.iso.org/ittf/PubliclyAvailableStandards/ISO_19139_Schemas/resources/codelist/gmxCodelists.xml#CI_RoleCode" codeListValue="originator">originator</gmd:CI_RoleCode>
          </gmd:role>
        </gmd:CI_ResponsibleParty>
      </gmd:pointOfContact>
      <gmd:resourceMaintenance>
        <gmd:MD_MaintenanceInformation>
          <gmd:maintenanceAndUpdateFrequency>
            <gmd:MD_MaintenanceFrequencyCode codeList="http://standards.iso.org/ittf/PubliclyAvailableStandards/ISO_19139_Schemas/resources/codelist/gmxCodelists.xml#MD_MaintenanceFrequencyCode" codeListValue="täglich">täglich</gmd:MD_MaintenanceFrequencyCode>
          </gmd:maintenanceAndUpdateFrequency>
          <gmd:updateScope>
            <gmd:MD_ScopeCode codeList="http://standards.iso.org/ittf/PubliclyAvailableStandards/ISO_19139_Schemas/resources/codelist/gmxCodelists.xml#MD_ScopeCode" codeListValue="dataset">dataset</gmd:MD_ScopeCode>
          </gmd:updateScope>
          <gmd:updateScopeDescription>
            <gmd:MD_ScopeDescription>
              <gmd:dataset gco:nilReason="missing"/>
            </gmd:MD_ScopeDescription>
          </gmd:updateScopeDescription>
          <gmd:maintenanceNote xsi:type="gmd:PT_FreeText_PropertyType">
            <gco:CharacterString>Dieses Dokument wird vom Climate Data Center des DWD gepflegt, zuletzt editiert am 2019-07-26.</gco:CharacterString>
            <gmd:PT_FreeText>
              <gmd:textGroup>
                <gmd:LocalisedCharacterString locale="#eng">This document is maintained by the Climate Data Centre of the DWD, last edited at 2019-07-26.</gmd:LocalisedCharacterString>
              </gmd:textGroup>
            </gmd:PT_FreeText>
          </gmd:maintenanceNote>
        </gmd:MD_MaintenanceInformation>
      </gmd:resourceMaintenance>
      <gmd:graphicOverview>
        <gmd:MD_BrowseGraphic>
          <gmd:fileName>
            <gco:CharacterString>#TODO: Preview Field/Link</gco:CharacterString>
          </gmd:fileName>
        </gmd:MD_BrowseGraphic>
      </gmd:graphicOverview>
      <gmd:descriptiveKeywords uuidref="THEME">
        <gmd:MD_Keywords>
          <gmd:keyword xsi:type="gmd:PT_FreeText_PropertyType">
            <gco:CharacterString>temperature</gco:CharacterString>
            <gmd:PT_FreeText>
              <gmd:textGroup>
                <gmd:LocalisedCharacterString locale="#eng">temperature</gmd:LocalisedCharacterString>
              </gmd:textGroup>
              <gmd:textGroup>
                <gmd:LocalisedCharacterString locale="#deu">Lufttemperatur</gmd:LocalisedCharacterString>
              </gmd:textGroup>
            </gmd:PT_FreeText>
          </gmd:keyword>
          <gmd:type>
            <gmd:MD_KeywordTypeCode codeList="http://standards.iso.org/ittf/PubliclyAvailableStandards/ISO_19139_Schemas/resources/codelist/gmxCodelists.xml#MD_KeywordTypeCode" codeListValue="theme">theme</gmd:MD_KeywordTypeCode>
          </gmd:type>
          <gmd:thesaurusName gco:nilReason="missing"/>
        </gmd:MD_Keywords>
      </gmd:descriptiveKeywords>
      <gmd:descriptiveKeywords uuidref="TEMPORAL_RESOLUTION">
        <gmd:MD_Keywords>
          <gmd:keyword xsi:type="gmd:PT_FreeText_PropertyType">
            <gco:CharacterString>hourly</gco:CharacterString>
            <gmd:PT_FreeText>
              <gmd:textGroup>
                <gmd:LocalisedCharacterString locale="#eng">hourly</gmd:LocalisedCharacterString>
              </gmd:textGroup>
              <gmd:textGroup>
                <gmd:LocalisedCharacterString locale="#deu">stündlich</gmd:LocalisedCharacterString>
              </gmd:textGroup>
            </gmd:PT_FreeText>
          </gmd:keyword>
          <gmd:type>
            <gmd:MD_KeywordTypeCode codeList="http://standards.iso.org/ittf/PubliclyAvailableStandards/ISO_19139_Schemas/resources/codelist/gmxCodelists.xml#MD_KeywordTypeCode" codeListValue="temporal_resolution">temporal_resolution</gmd:MD_KeywordTypeCode>
          </gmd:type>
          <gmd:thesaurusName gco:nilReason="missing"/>
        </gmd:MD_Keywords>
      </gmd:descriptiveKeywords>
      <gmd:descriptiveKeywords uuidref="NO_ISO_ELEMENT">
        <gmd:MD_Keywords>
          <gmd:keyword xsi:type="gmd:PT_FreeText_PropertyType">
            <gco:CharacterString>time series</gco:CharacterString>
            <gmd:PT_FreeText>
              <gmd:textGroup>
                <gmd:LocalisedCharacterString locale="#eng">time series</gmd:LocalisedCharacterString>
              </gmd:textGroup>
              <gmd:textGroup>
                <gmd:LocalisedCharacterString locale="#deu">Zeitreihe</gmd:LocalisedCharacterString>
              </gmd:textGroup>
            </gmd:PT_FreeText>
          </gmd:keyword>
          <gmd:keyword xsi:type="gmd:PT_FreeText_PropertyType">
            <gco:CharacterString>hourly value</gco:CharacterString>
            <gmd:PT_FreeText>
              <gmd:textGroup>
                <gmd:LocalisedCharacterString locale="#eng">hourly value</gmd:LocalisedCharacterString>
              </gmd:textGroup>
              <gmd:textGroup>
                <gmd:LocalisedCharacterString locale="#deu">Stundenwert</gmd:LocalisedCharacterString>
              </gmd:textGroup>
            </gmd:PT_FreeText>
          </gmd:keyword>
          <gmd:type>
            <gmd:MD_KeywordTypeCode codeList="http://standards.iso.org/ittf/PubliclyAvailableStandards/ISO_19139_Schemas/resources/codelist/gmxCodelists.xml#MD_KeywordTypeCode" codeListValue="no_iso_element">no_iso_element</gmd:MD_KeywordTypeCode>
          </gmd:type>
          <gmd:thesaurusName gco:nilReason="missing"/>
        </gmd:MD_Keywords>
      </gmd:descriptiveKeywords>
      <gmd:descriptiveKeywords uuidref="THEME">
        <gmd:MD_Keywords>
          <gmd:keyword xsi:type="gmd:PT_FreeText_PropertyType">
            <gco:CharacterString>Atmospheric conditions</gco:CharacterString>
            <gmd:PT_FreeText>
              <gmd:textGroup>
                <gmd:LocalisedCharacterString locale="#eng">Atmospheric conditions</gmd:LocalisedCharacterString>
              </gmd:textGroup>
              <gmd:textGroup>
                <gmd:LocalisedCharacterString locale="#deu">Atmosphärische Bedingungen</gmd:LocalisedCharacterString>
              </gmd:textGroup>
            </gmd:PT_FreeText>
          </gmd:keyword>
          <gmd:keyword xsi:type="gmd:PT_FreeText_PropertyType">
            <gco:CharacterString>Meteorological geographical features</gco:CharacterString>
            <gmd:PT_FreeText>
              <gmd:textGroup>
                <gmd:LocalisedCharacterString locale="#eng">Meteorological geographical features</gmd:LocalisedCharacterString>
              </gmd:textGroup>
              <gmd:textGroup>
                <gmd:LocalisedCharacterString locale="#deu">Meteorologisch-geografische Kennwerte</gmd:LocalisedCharacterString>
              </gmd:textGroup>
            </gmd:PT_FreeText>
          </gmd:keyword>
          <gmd:type>
            <gmd:MD_KeywordTypeCode codeList="http://standards.iso.org/ittf/PubliclyAvailableStandards/ISO_19139_Schemas/resources/codelist/gmxCodelists.xml#MD_KeywordTypeCode" codeListValue="theme">theme</gmd:MD_KeywordTypeCode>
          </gmd:type>
          <gmd:thesaurusName xlink:href="http://www.eionet.europa.eu/gemet/inspire_themes">
            <gmd:CI_Citation>
              <gmd:title>
                <gco:CharacterString>GEMET - INSPIRE Themen, version 1.0</gco:CharacterString>
              </gmd:title>
              <gmd:date>
                <gmd:CI_Date>
                  <gmd:date>
                    <gco:Date>2008-06-01</gco:Date>
                  </gmd:date>
                  <gmd:dateType>
                    <gmd:CI_DateTypeCode codeList="http://standards.iso.org/ittf/PubliclyAvailableStandards/ISO_19139_Schemas/resources/codelist/gmxCodelists.xml#CI_DateTypeCode" codeListValue="publication">publication</gmd:CI_DateTypeCode>
                  </gmd:dateType>
                </gmd:CI_Date>
              </gmd:date>
            </gmd:CI_Citation>
          </gmd:thesaurusName>
        </gmd:MD_Keywords>
      </gmd:descriptiveKeywords>
      <gmd:descriptiveKeywords uuidref="VERTICAL">
        <gmd:MD_Keywords>
          <gmd:keyword xsi:type="gmd:PT_FreeText_PropertyType">
            <gco:CharacterString>2 m above surface</gco:CharacterString>
            <gmd:PT_FreeText>
              <gmd:textGroup>
                <gmd:LocalisedCharacterString locale="#eng">2 m above surface</gmd:LocalisedCharacterString>
              </gmd:textGroup>
              <gmd:textGroup>
                <gmd:LocalisedCharacterString locale="#deu">2 m über Erdboden</gmd:LocalisedCharacterString>
              </gmd:textGroup>
            </gmd:PT_FreeText>
          </gmd:keyword>
          <gmd:keyword xsi:type="gmd:PT_FreeText_PropertyType">
            <gco:CharacterString>near surface atmosphere</gco:CharacterString>
            <gmd:PT_FreeText>
              <gmd:textGroup>
                <gmd:LocalisedCharacterString locale="#eng">near surface atmosphere</gmd:LocalisedCharacterString>
              </gmd:textGroup>
              <gmd:textGroup>
                <gmd:LocalisedCharacterString locale="#deu">bodennahe Atmosphäre</gmd:LocalisedCharacterString>
              </gmd:textGroup>
            </gmd:PT_FreeText>
          </gmd:keyword>
          <gmd:type>
            <gmd:MD_KeywordTypeCode codeList="http://standards.iso.org/ittf/PubliclyAvailableStandards/ISO_19139_Schemas/resources/codelist/gmxCodelists.xml#MD_KeywordTypeCode" codeListValue="vertical">vertical</gmd:MD_KeywordTypeCode>
          </gmd:type>
          <gmd:thesaurusName gco:nilReason="missing"/>
        </gmd:MD_Keywords>
      </gmd:descriptiveKeywords>
      <gmd:descriptiveKeywords uuidref="NO_ISO_ELEMENT">
        <gmd:MD_Keywords>
          <gmd:keyword xsi:type="gmd:PT_FreeText_PropertyType">
            <gco:CharacterString>CDC/Terms_of_use</gco:CharacterString>
            <gmd:PT_FreeText>
              <gmd:textGroup>
                <gmd:LocalisedCharacterString locale="#eng">CDC/Terms_of_use</gmd:LocalisedCharacterString>
              </gmd:textGroup>
              <gmd:textGroup>
                <gmd:LocalisedCharacterString locale="#deu">CDC/Nutzungsbedingungen</gmd:LocalisedCharacterString>
              </gmd:textGroup>
            </gmd:PT_FreeText>
          </gmd:keyword>
          <gmd:type>
            <gmd:MD_KeywordTypeCode codeList="http://standards.iso.org/ittf/PubliclyAvailableStandards/ISO_19139_Schemas/resources/codelist/gmxCodelists.xml#MD_KeywordTypeCode" codeListValue="no_iso_element">no_iso_element</gmd:MD_KeywordTypeCode>
          </gmd:type>
          <gmd:thesaurusName gco:nilReason="missing"/>
        </gmd:MD_Keywords>
      </gmd:descriptiveKeywords>
      <gmd:descriptiveKeywords uuidref="PLACE">
        <gmd:MD_Keywords>
          <gmd:keyword xsi:type="gmd:PT_FreeText_PropertyType">
            <gco:CharacterString>Germany</gco:CharacterString>
            <gmd:PT_FreeText>
              <gmd:textGroup>
                <gmd:LocalisedCharacterString locale="#eng">Germany</gmd:LocalisedCharacterString>
              </gmd:textGroup>
              <gmd:textGroup>
                <gmd:LocalisedCharacterString locale="#deu">Deutschland</gmd:LocalisedCharacterString>
              </gmd:textGroup>
            </gmd:PT_FreeText>
          </gmd:keyword>
          <gmd:type>
            <gmd:MD_KeywordTypeCode codeList="http://standards.iso.org/ittf/PubliclyAvailableStandards/ISO_19139_Schemas/resources/codelist/gmxCodelists.xml#MD_KeywordTypeCode" codeListValue="place">place</gmd:MD_KeywordTypeCode>
          </gmd:type>
          <gmd:thesaurusName gco:nilReason="missing"/>
        </gmd:MD_Keywords>
      </gmd:descriptiveKeywords>
      <gmd:descriptiveKeywords uuidref="GMD:MD_MAINTENANCEFREQUENCYCODE">
        <gmd:MD_Keywords>
          <gmd:keyword xsi:type="gmd:PT_FreeText_PropertyType">
            <gco:CharacterString>daily</gco:CharacterString>
            <gmd:PT_FreeText>
              <gmd:textGroup>
                <gmd:LocalisedCharacterString locale="#eng">daily</gmd:LocalisedCharacterString>
              </gmd:textGroup>
              <gmd:textGroup>
                <gmd:LocalisedCharacterString locale="#deu">täglich</gmd:LocalisedCharacterString>
              </gmd:textGroup>
            </gmd:PT_FreeText>
          </gmd:keyword>
          <gmd:type>
            <gmd:MD_KeywordTypeCode codeList="http://standards.iso.org/ittf/PubliclyAvailableStandards/ISO_19139_Schemas/resources/codelist/gmxCodelists.xml#MD_KeywordTypeCode" codeListValue="gmd:md_maintenancefrequencycode">gmd:md_maintenancefrequencycode</gmd:MD_KeywordTypeCode>
          </gmd:type>
          <gmd:thesaurusName xlink:href="http://standards.iso.org/ittf/PubliclyAvailableStandards/ISO_19139_Schemas/resources/codelist/gmxCodelists.xml#MD_MaintenanceFrequencyCode">
            <gmd:CI_Citation>
              <gmd:title>
                <gco:CharacterString>Aktualisierungsfrequenz</gco:CharacterString>
              </gmd:title>
              <gmd:date>
                <gmd:CI_Date>
                  <gmd:date>
                    <gco:Date>2008-06-01</gco:Date>
                  </gmd:date>
                  <gmd:dateType>
                    <gmd:CI_DateTypeCode codeList="http://standards.iso.org/ittf/PubliclyAvailableStandards/ISO_19139_Schemas/resources/codelist/gmxCodelists.xml#CI_DateTypeCode" codeListValue="publication">publication</gmd:CI_DateTypeCode>
                  </gmd:dateType>
                </gmd:CI_Date>
              </gmd:date>
            </gmd:CI_Citation>
          </gmd:thesaurusName>
        </gmd:MD_Keywords>
      </gmd:descriptiveKeywords>
      <gmd:descriptiveKeywords uuidref="OGC:STYLE">
        <gmd:MD_Keywords>
          <gmd:keyword xsi:type="gmd:PT_FreeText_PropertyType">
            <gco:CharacterString>tt_C_lb-20_ub40_w2_ptz</gco:CharacterString>
            <gmd:PT_FreeText>
              <gmd:textGroup>
                <gmd:LocalisedCharacterString locale="#eng">tt_C_lb-20_ub40_w2_ptz</gmd:LocalisedCharacterString>
              </gmd:textGroup>
              <gmd:textGroup>
                <gmd:LocalisedCharacterString locale="#deu">tt_C_lb-20_ub40_w2_ptz</gmd:LocalisedCharacterString>
              </gmd:textGroup>
            </gmd:PT_FreeText>
          </gmd:keyword>
          <gmd:type>
            <gmd:MD_KeywordTypeCode codeList="http://standards.iso.org/ittf/PubliclyAvailableStandards/ISO_19139_Schemas/resources/codelist/gmxCodelists.xml#MD_KeywordTypeCode" codeListValue="ogc:style">ogc:style</gmd:MD_KeywordTypeCode>
          </gmd:type>
          <gmd:thesaurusName gco:nilReason="missing"/>
        </gmd:MD_Keywords>
      </gmd:descriptiveKeywords>
      <gmd:descriptiveKeywords uuidref="ISO-19139:CI_ONLINE_PROTOCOL_CODE">
        <gmd:MD_Keywords>
          <gmd:keyword xsi:type="gmd:PT_FreeText_PropertyType">
            <gco:CharacterString>OGC:WFS</gco:CharacterString>
            <gmd:PT_FreeText>
              <gmd:textGroup>
                <gmd:LocalisedCharacterString locale="#eng">OGC:WFS</gmd:LocalisedCharacterString>
              </gmd:textGroup>
              <gmd:textGroup>
                <gmd:LocalisedCharacterString locale="#deu">OGC:WFS</gmd:LocalisedCharacterString>
              </gmd:textGroup>
            </gmd:PT_FreeText>
          </gmd:keyword>
          <gmd:keyword xsi:type="gmd:PT_FreeText_PropertyType">
            <gco:CharacterString>OGC:WMS</gco:CharacterString>
            <gmd:PT_FreeText>
              <gmd:textGroup>
                <gmd:LocalisedCharacterString locale="#eng">OGC:WMS</gmd:LocalisedCharacterString>
              </gmd:textGroup>
              <gmd:textGroup>
                <gmd:LocalisedCharacterString locale="#deu">OGC:WMS</gmd:LocalisedCharacterString>
              </gmd:textGroup>
            </gmd:PT_FreeText>
          </gmd:keyword>
          <gmd:type>
            <gmd:MD_KeywordTypeCode codeList="http://standards.iso.org/ittf/PubliclyAvailableStandards/ISO_19139_Schemas/resources/codelist/gmxCodelists.xml#MD_KeywordTypeCode" codeListValue="iso-19139:ci_online_protocol_code">iso-19139:ci_online_protocol_code</gmd:MD_KeywordTypeCode>
          </gmd:type>
          <gmd:thesaurusName gco:nilReason="missing"/>
        </gmd:MD_Keywords>
      </gmd:descriptiveKeywords>
      <gmd:descriptiveKeywords uuidref="UNITS">
        <gmd:MD_Keywords>
          <gmd:keyword xsi:type="gmd:PT_FreeText_PropertyType">
            <gco:CharacterString>°C</gco:CharacterString>
            <gmd:PT_FreeText>
              <gmd:textGroup>
                <gmd:LocalisedCharacterString locale="#eng">°C</gmd:LocalisedCharacterString>
              </gmd:textGroup>
              <gmd:textGroup>
                <gmd:LocalisedCharacterString locale="#deu">°C</gmd:LocalisedCharacterString>
              </gmd:textGroup>
            </gmd:PT_FreeText>
          </gmd:keyword>
          <gmd:type>
            <gmd:MD_KeywordTypeCode codeList="http://standards.iso.org/ittf/PubliclyAvailableStandards/ISO_19139_Schemas/resources/codelist/gmxCodelists.xml#MD_KeywordTypeCode" codeListValue="units">units</gmd:MD_KeywordTypeCode>
          </gmd:type>
          <gmd:thesaurusName gco:nilReason="missing"/>
        </gmd:MD_Keywords>
      </gmd:descriptiveKeywords>
      <gmd:descriptiveKeywords uuidref="NO_ISO_ELEMENT">
        <gmd:MD_Keywords>
          <gmd:keyword xsi:type="gmd:PT_FreeText_PropertyType">
            <gco:CharacterString>climate/observations/germany/pt1h</gco:CharacterString>
            <gmd:PT_FreeText>
              <gmd:textGroup>
                <gmd:LocalisedCharacterString locale="#eng">climate/observations/germany/pt1h</gmd:LocalisedCharacterString>
              </gmd:textGroup>
              <gmd:textGroup>
                <gmd:LocalisedCharacterString locale="#deu">climate/observations/germany/pt1h</gmd:LocalisedCharacterString>
              </gmd:textGroup>
            </gmd:PT_FreeText>
          </gmd:keyword>
          <gmd:type>
            <gmd:MD_KeywordTypeCode codeList="http://standards.iso.org/ittf/PubliclyAvailableStandards/ISO_19139_Schemas/resources/codelist/gmxCodelists.xml#MD_KeywordTypeCode" codeListValue="no_iso_element">no_iso_element</gmd:MD_KeywordTypeCode>
          </gmd:type>
          <gmd:thesaurusName gco:nilReason="missing"/>
        </gmd:MD_Keywords>
      </gmd:descriptiveKeywords>
      <gmd:descriptiveKeywords uuidref="THEME">
        <gmd:MD_Keywords>
          <gmd:keyword xsi:type="gmd:PT_FreeText_PropertyType">
            <gco:CharacterString>air temperature at screen level</gco:CharacterString>
            <gmd:PT_FreeText>
              <gmd:textGroup>
                <gmd:LocalisedCharacterString locale="#eng">air temperature at screen level</gmd:LocalisedCharacterString>
              </gmd:textGroup>
              <gmd:textGroup>
                <gmd:LocalisedCharacterString locale="#deu">Temperatur auf 2m </gmd:LocalisedCharacterString>
              </gmd:textGroup>
            </gmd:PT_FreeText>
          </gmd:keyword>
          <gmd:type>
            <gmd:MD_KeywordTypeCode codeList="http://standards.iso.org/ittf/PubliclyAvailableStandards/ISO_19139_Schemas/resources/codelist/gmxCodelists.xml#MD_KeywordTypeCode" codeListValue="theme">theme</gmd:MD_KeywordTypeCode>
          </gmd:type>
          <gmd:thesaurusName gco:nilReason="missing"/>
        </gmd:MD_Keywords>
      </gmd:descriptiveKeywords>
      <gmd:descriptiveKeywords uuidref="PLATFORMS">
        <gmd:MD_Keywords>
          <gmd:keyword xsi:type="gmd:PT_FreeText_PropertyType">
            <gco:CharacterString>station data</gco:CharacterString>
            <gmd:PT_FreeText>
              <gmd:textGroup>
                <gmd:LocalisedCharacterString locale="#eng">station data</gmd:LocalisedCharacterString>
              </gmd:textGroup>
              <gmd:textGroup>
                <gmd:LocalisedCharacterString locale="#deu">Stationsdaten</gmd:LocalisedCharacterString>
              </gmd:textGroup>
            </gmd:PT_FreeText>
          </gmd:keyword>
          <gmd:type>
            <gmd:MD_KeywordTypeCode codeList="http://standards.iso.org/ittf/PubliclyAvailableStandards/ISO_19139_Schemas/resources/codelist/gmxCodelists.xml#MD_KeywordTypeCode" codeListValue="platforms">platforms</gmd:MD_KeywordTypeCode>
          </gmd:type>
          <gmd:thesaurusName gco:nilReason="missing"/>
        </gmd:MD_Keywords>
      </gmd:descriptiveKeywords>
      <gmd:resourceSpecificUsage>
        <gmd:MD_Usage>
          <gmd:specificUsage xsi:type="gmd:PT_FreeText_PropertyType">
            <gco:CharacterString>Versionierte Daten, welche die historische Zeitreihe bis zum zurückliegenden Jahresende  abdecken, liegen  im Verzeichnis &quot;historical/&quot;.  Bei gemeinsamer Verwendung der Verzeichnisse &quot;historical&quot; und &quot;recent&quot; ist zu beachten, dass die Qualitätskontrolle sich unterscheidet. Für die Langzeitstabilität sind Unsicherheiten relevant, welche in der Datensatzbeschreibung innerhalb der Verzeichnisse von &quot;historical/&quot; erklärt sind.</gco:CharacterString>
            <gmd:PT_FreeText>
              <gmd:textGroup>
                <gmd:LocalisedCharacterString locale="#eng">Versioned data, which cover the historical time series up to the end of the previous year, are stored in the directory &apos;historical/&apos;. When data from both directories &apos;historical&apos; and &apos;recent&apos; are used together, the  difference in the quality control procedure should be considered. For the long term stability, refer to the relevant aspects of uncertainty discussed in the data set descriptions within the directories &apos;historical/&apos;.</gmd:LocalisedCharacterString>
              </gmd:textGroup>
            </gmd:PT_FreeText>
          </gmd:specificUsage>
          <gmd:userDeterminedLimitations xsi:type="gmd:PT_FreeText_PropertyType">
            <gco:CharacterString>Heutzutage sind die Stationen nach den WMO-Vorschriften eingerichtet und betrieben. Somit werden die lokalen Effekte besonders gering gehalten. Je weiter in die Geschichte zurückgegangen wird, desto weniger waren solche vereinheitlichten Vorschriften etabliert. Je nach Anwendung sollten mögliche lokale, regionale und zeitlich sich ändernde Einflüsse untersucht werden, die orts- und parameterspezifisch sein können. Unsicherheitsfaktoren für die Langzeitstabilität sind (1) Änderungen in der Stationshöhe bei Stationsverschiebungen, genaue Angaben dazu sind in den stationsweisen Metadaten enthalten; (2) Änderungen in den Beobachtungszeiten (&quot;Terminwerte&quot;), aus denen das Tagesmittel berechnet wurde, und (3) Änderungen in der Rechenvorschrift. Genaue Angaben zu (2) und (3) sind in den stationsweise gezippten Metadaten enthalten. Unsicherheiten sind auch zu erwarten von (4) Änderungen in den Instrumenten, siehe Metadaten der Geraete; und möglicherweise auch aus (5) unterschiedlichen Qualitätsprüfverfahren (Behrendt et al., 2011), durch (6) Fehler in Übermittlung oder Software, (7) Beobachterwechsel,  und (8) andere, siehe Freydank, 2014.</gco:CharacterString>
            <gmd:PT_FreeText>
              <gmd:textGroup>
                <gmd:LocalisedCharacterString locale="#eng">The stations are nowadays selected and operated according to WMO guidelines. Though these guidelines aim at minimizing  possible local effects, still some applications of certain parameters may require the consideration of local and regional effects. Note that when going back to historical times, such guidelines might not have been in place. Depending on the application, local, regional and influences changing with time should be considered, which can be location- and parameter specific. Sources of long-term uncertainty are  (1) changes in station height when station was re-located, information on this is within the station&apos;s Metadata; (2) changes in the observation times  and (3) changes in the averaging interval. Details on (2) and (3) can be found in the stationwise metadata. Uncertainties are also expected from (4) changes in instrumentation, see instrument metadata; and possibly also from (5) varying quality control procedures (Behrendt et al., 2011). Further, uncertainties are known to come from (6) errors during data transfer or errors in the software, (7) change of observing personnel, and (8) others, see Freydank, 2014.</gmd:LocalisedCharacterString>
              </gmd:textGroup>
            </gmd:PT_FreeText>
          </gmd:userDeterminedLimitations>
          <gmd:userContactInfo>
            <gmd:CI_ResponsibleParty>
              <gmd:individualName>
                <gco:CharacterString>Dr. Frank Kaspar</gco:CharacterString>
              </gmd:individualName>
              <gmd:organisationName>
                <gco:CharacterString>Deutscher Wetterdienst</gco:CharacterString>
              </gmd:organisationName>
              <gmd:positionName>
                <gco:CharacterString>Nationales Klimadatenzentrum (NKDZ)</gco:CharacterString>
              </gmd:positionName>
              <gmd:contactInfo>
                <gmd:CI_Contact>
                  <gmd:phone>
                    <gmd:CI_Telephone>
                      <gmd:voice>
                        <gco:CharacterString>+49 (0) 69 8062-4963</gco:CharacterString>
                      </gmd:voice>
                      <gmd:facsimile>
                        <gco:CharacterString>+49 (0) 69 8062-3759</gco:CharacterString>
                      </gmd:facsimile>
                    </gmd:CI_Telephone>
                  </gmd:phone>
                  <gmd:address>
                    <gmd:CI_Address>
                      <gmd:deliveryPoint>
                        <gco:CharacterString>Frankfurter Straße 135</gco:CharacterString>
                      </gmd:deliveryPoint>
                      <gmd:city>
                        <gco:CharacterString>Offenbach</gco:CharacterString>
                      </gmd:city>
                      <gmd:postalCode>
                        <gco:CharacterString>63067</gco:CharacterString>
                      </gmd:postalCode>
                      <gmd:country>
                        <gco:CharacterString>Germany</gco:CharacterString>
                      </gmd:country>
                      <gmd:electronicMailAddress>
                        <gco:CharacterString>frank.kaspar@dwd.de</gco:CharacterString>
                      </gmd:electronicMailAddress>
                    </gmd:CI_Address>
                  </gmd:address>
                  <gmd:onlineResource>
                    <gmd:CI_OnlineResource>
                      <gmd:linkage>
                        <gmd:URL>www.dwd.de</gmd:URL>
                      </gmd:linkage>
                    </gmd:CI_OnlineResource>
                  </gmd:onlineResource>
                </gmd:CI_Contact>
              </gmd:contactInfo>
              <gmd:role>
                <gmd:CI_RoleCode codeList="http://standards.iso.org/ittf/PubliclyAvailableStandards/ISO_19139_Schemas/resources/codelist/gmxCodelists.xml#CI_RoleCode" codeListValue="originator">originator</gmd:CI_RoleCode>
              </gmd:role>
            </gmd:CI_ResponsibleParty>
          </gmd:userContactInfo>
        </gmd:MD_Usage>
      </gmd:resourceSpecificUsage>
      <gmd:resourceConstraints>
        <gmd:MD_LegalConstraints>
          <gmd:useLimitation xsi:type="gmd:PT_FreeText_PropertyType">
            <gco:CharacterString>Nutzungsbedingungen: Beachten Sie die Nutzungsbedingungen in https://opendata.dwd.de/climate_environment/CDC/Nutzungsbedingungen_German.pdf. Auf der Webseite des
Deutschen Wetterdienstes sind die Nutzungsbedingungen und Quellenangaben ausführlich erklärt.</gco:CharacterString>
            <gmd:PT_FreeText>
              <gmd:textGroup>
                <gmd:LocalisedCharacterString locale="#eng">The instructions in https://opendata.dwd.de/climate_environment/CDC/Terms_of_use.txt should be followed. The website of Deutscher Wetterdienst provides comprehensive copyright information.</gmd:LocalisedCharacterString>
              </gmd:textGroup>
            </gmd:PT_FreeText>
          </gmd:useLimitation>
          <gmd:accessConstraints>
            <gmd:MD_RestrictionCode codeList="http://standards.iso.org/ittf/PubliclyAvailableStandards/ISO_19139_Schemas/resources/codelist/gmxCodelists.xml#MD_RestrictionCode" codeListValue="otherRestrictions">otherRestrictions</gmd:MD_RestrictionCode>
          </gmd:accessConstraints>
          <gmd:useConstraints>
            <gmd:MD_RestrictionCode codeList="http://standards.iso.org/ittf/PubliclyAvailableStandards/ISO_19139_Schemas/resources/codelist/gmxCodelists.xml#MD_RestrictionCode" codeListValue="otherRestrictions">otherRestrictions</gmd:MD_RestrictionCode>
          </gmd:useConstraints>
          <gmd:otherConstraints>
            <gco:CharacterString>Nutzungsbedingungen: NoLimitation</gco:CharacterString>
          </gmd:otherConstraints>
        </gmd:MD_LegalConstraints>
      </gmd:resourceConstraints>
      <gmd:language>
        <gmd:LanguageCode codeList="http://wis.wmo.int/2013/codelists/WMOCodeLists.xml#LanguageCode" codeListValue="ger">ger</gmd:LanguageCode>
      </gmd:language>
      <gmd:topicCategory>
        <gmd:MD_TopicCategoryCode>climatologyMeteorologyAtmosphere</gmd:MD_TopicCategoryCode>
      </gmd:topicCategory>
      <gmd:extent>
        <gmd:EX_Extent>
          <gmd:geographicElement>
            <gmd:EX_GeographicBoundingBox>
              <gmd:westBoundLongitude>
                <gco:Decimal>   5.8500</gco:Decimal>
              </gmd:westBoundLongitude>
              <gmd:eastBoundLongitude>
                <gco:Decimal>  15.9200</gco:Decimal>
              </gmd:eastBoundLongitude>
              <gmd:southBoundLatitude>
                <gco:Decimal>  47.4000</gco:Decimal>
              </gmd:southBoundLatitude>
              <gmd:northBoundLatitude>
                <gco:Decimal>  55.0100</gco:Decimal>
              </gmd:northBoundLatitude>
            </gmd:EX_GeographicBoundingBox>
          </gmd:geographicElement>
        </gmd:EX_Extent>
      </gmd:extent>
    </gmd:MD_DataIdentification>
  </gmd:identificationInfo>
  <gmd:distributionInfo>
    <gmd:MD_Distribution>
      <gmd:distributionFormat>
        <gmd:MD_Format>
          <gmd:name xsi:type="gmd:PT_FreeText_PropertyType">
            <gco:CharacterString>OGC Dienste und OpenData Dateien (freier Zugang)</gco:CharacterString>
            <gmd:PT_FreeText>
              <gmd:textGroup>
                <gmd:LocalisedCharacterString locale="#eng">OGC Services and OpenData files (free access)</gmd:LocalisedCharacterString>
              </gmd:textGroup>
            </gmd:PT_FreeText>
          </gmd:name>
          <gmd:version gco:nilReason="unknown"/>
        </gmd:MD_Format>
      </gmd:distributionFormat>
      <gmd:distributor>
        <gmd:MD_Distributor>
          <gmd:distributorContact>
            <gmd:CI_ResponsibleParty>
              <gmd:individualName>
                <gco:CharacterString>Climate Data Center (CDC)</gco:CharacterString>
              </gmd:individualName>
              <gmd:organisationName>
                <gco:CharacterString>Deutscher Wetterdienst</gco:CharacterString>
              </gmd:organisationName>
              <gmd:positionName>
                <gco:CharacterString>CDC - Vertrieb Klima und Umwelt</gco:CharacterString>
              </gmd:positionName>
              <gmd:contactInfo>
                <gmd:CI_Contact>
                  <gmd:phone>
                    <gmd:CI_Telephone>
                      <gmd:voice>
                        <gco:CharacterString>+ 49 (0) 69 8062-4400</gco:CharacterString>
                      </gmd:voice>
                      <gmd:facsimile>
                        <gco:CharacterString>+ 49 (0) 69 8062-4499</gco:CharacterString>
                      </gmd:facsimile>
                    </gmd:CI_Telephone>
                  </gmd:phone>
                  <gmd:address>
                    <gmd:CI_Address>
                      <gmd:deliveryPoint>
                        <gco:CharacterString>Frankfurter Straße 135</gco:CharacterString>
                      </gmd:deliveryPoint>
                      <gmd:city>
                        <gco:CharacterString>Offenbach</gco:CharacterString>
                      </gmd:city>
                      <gmd:postalCode>
                        <gco:CharacterString>63067</gco:CharacterString>
                      </gmd:postalCode>
                      <gmd:country>
                        <gco:CharacterString>Germany</gco:CharacterString>
                      </gmd:country>
                      <gmd:electronicMailAddress>
                        <gco:CharacterString>klima.vertrieb@dwd.de</gco:CharacterString>
                      </gmd:electronicMailAddress>
                    </gmd:CI_Address>
                  </gmd:address>
                  <gmd:onlineResource>
                    <gmd:CI_OnlineResource>
                      <gmd:linkage>
                        <gmd:URL>www.dwd.de</gmd:URL>
                      </gmd:linkage>
                    </gmd:CI_OnlineResource>
                  </gmd:onlineResource>
                </gmd:CI_Contact>
              </gmd:contactInfo>
              <gmd:role>
                <gmd:CI_RoleCode codeList="http://standards.iso.org/ittf/PubliclyAvailableStandards/ISO_19139_Schemas/resources/codelist/gmxCodelists.xml#CI_RoleCode" codeListValue="distributor">distributor</gmd:CI_RoleCode>
              </gmd:role>
            </gmd:CI_ResponsibleParty>
          </gmd:distributorContact>
        </gmd:MD_Distributor>
      </gmd:distributor>
      <gmd:transferOptions>
        <gmd:MD_DigitalTransferOptions>
          <gmd:onLine>
            <gmd:CI_OnlineResource>
              <gmd:linkage>
                <gmd:URL>https://cdc.dwd.de/geoserver/CDC/VGSL_TT_TU_MN009/ows?request=GetCapabilities&amp;service=WFS&amp;version=2.0.0</gmd:URL>
              </gmd:linkage>
              <gmd:protocol>
                <gco:CharacterString>OGC:WFS</gco:CharacterString>
              </gmd:protocol>
              <gmd:description xsi:type="gmd:PT_FreeText_PropertyType">
                <gco:CharacterString>gmd:protocol value that indicates CI_OnlineResource URL is for an OGC Web Feature Service v?? endpoint (should use differnt protocol identifier if the endpoint is not that version; these are not yet defined here).  The gmd:function value in the CI_Online resource should be &apos;information&apos; if the provided URL is a getCapabilities request. Note that if the service offers multiple datasets in different feature types the typeName parameter necessary to access the correct data should be specified in the gmd:CI_OnlineResource/gmd:description element; recommended practice is to use a JSON object with keys that are parameter names and values that are the necessary parameters.</gco:CharacterString>
                <gmd:PT_FreeText>
                  <gmd:textGroup>
                    <gmd:LocalisedCharacterString locale="#eng">gmd:protocol value that indicates CI_OnlineResource URL is for an OGC Web Feature Service v?? endpoint (should use differnt protocol identifier if the endpoint is not that version; these are not yet defined here).  The gmd:function value in the CI_Online resource should be &apos;information&apos; if the provided URL is a getCapabilities request. Note that if the service offers multiple datasets in different feature types the typeName parameter necessary to access the correct data should be specified in the gmd:CI_OnlineResource/gmd:description element; recommended practice is to use a JSON object with keys that are parameter names and values that are the necessary parameters.</gmd:LocalisedCharacterString>
                  </gmd:textGroup>
                </gmd:PT_FreeText>
              </gmd:description>
              <gmd:function>
                <gmd:CI_OnLineFunctionCode codeList="http://wis.wmo.int/2011/schemata/iso19139_2007/schema/resources/Codelist/ML_gmxCodelists.xml#CI_OnlineFunctionCode" codeListValue="download"/>
              </gmd:function>
            </gmd:CI_OnlineResource>
          </gmd:onLine>
          <gmd:onLine>
            <gmd:CI_OnlineResource>
              <gmd:linkage>
                <gmd:URL>https://cdc.dwd.de/geoserver/CDC/VGSL_TT_TU_MN009/ows?request=GetCapabilities&amp;service=WMS&amp;version=1.3.0</gmd:URL>
              </gmd:linkage>
              <gmd:protocol>
                <gco:CharacterString>OGC:WMS</gco:CharacterString>
              </gmd:protocol>
              <gmd:description xsi:type="gmd:PT_FreeText_PropertyType">
                <gco:CharacterString>gmd:protocol value that indicates CI_OnlineResource URL is for an OGC Web Map Service v?? endpoint (should use differnt protocol identifier if the endpoint is not that version; these are not yet defined here).  The gmd:function value in the CI_Online resource should be &apos;information&apos; if the provided URL is a getCapabilities request. Note that if the service offers multiple datasets in different map layers, the layers parameters necessary to access the correct data should be specified in the gmd:CI_OnlineResource/gmd:description element; recommended practice is to use a JSON object with keys that are parameter names and values that are the necessary parameters.</gco:CharacterString>
                <gmd:PT_FreeText>
                  <gmd:textGroup>
                    <gmd:LocalisedCharacterString locale="#eng">gmd:protocol value that indicates CI_OnlineResource URL is for an OGC Web Map Service v?? endpoint (should use differnt protocol identifier if the endpoint is not that version; these are not yet defined here).  The gmd:function value in the CI_Online resource should be &apos;information&apos; if the provided URL is a getCapabilities request. Note that if the service offers multiple datasets in different map layers, the layers parameters necessary to access the correct data should be specified in the gmd:CI_OnlineResource/gmd:description element; recommended practice is to use a JSON object with keys that are parameter names and values that are the necessary parameters.</gmd:LocalisedCharacterString>
                  </gmd:textGroup>
                </gmd:PT_FreeText>
              </gmd:description>
              <gmd:function>
                <gmd:CI_OnLineFunctionCode codeList="http://wis.wmo.int/2011/schemata/iso19139_2007/schema/resources/Codelist/ML_gmxCodelists.xml#CI_OnlineFunctionCode" codeListValue="information"/>
              </gmd:function>
            </gmd:CI_OnlineResource>
          </gmd:onLine>
        </gmd:MD_DigitalTransferOptions>
      </gmd:transferOptions>
    </gmd:MD_Distribution>
  </gmd:distributionInfo>
  <gmd:dataQualityInfo>
    <gmd:DQ_DataQuality>
      <gmd:scope>
        <gmd:DQ_Scope>
          <gmd:level>
            <gmd:MD_ScopeCode codeList="http://standards.iso.org/ittf/PubliclyAvailableStandards/ISO_19139_Schemas/resources/codelist/gmxCodelists.xml#MD_ScopeCode" codeListValue="dataset">dataset</gmd:MD_ScopeCode>
          </gmd:level>
        </gmd:DQ_Scope>
      </gmd:scope>
      <gmd:report>
        <gmd:DQ_DomainConsistency xsi:type="gmd:DQ_DomainConsistency_Type">
          <gmd:result>
            <gmd:DQ_ConformanceResult xsi:type="gmd:DQ_ConformanceResult_Type">
              <gmd:specification>
                <gmd:CI_Citation>
                  <gmd:title>
                    <gco:CharacterString>Verordnung (EG) Nr. 1089/2010 der Kommission vom 23. November 2010 zur Durchführung der Richtlinie 2007/2/EG des Europäischen Parlaments und des Rates hinsichtlich der Interoperabilität von Geodatensätzen und -diensten</gco:CharacterString>
                  </gmd:title>
                  <gmd:date>
                    <gmd:CI_Date>
                      <gmd:date>
                        <gco:Date>2010-12-08</gco:Date>
                      </gmd:date>
                      <gmd:dateType>
                        <gmd:CI_DateTypeCode codeList="http://standards.iso.org/ittf/PubliclyAvailableStandards/ISO_19139_Schemas/resources/codelist/gmxCodelists.xml#CI_DateTypeCode" codeListValue="publication">publication</gmd:CI_DateTypeCode>
                      </gmd:dateType>
                    </gmd:CI_Date>
                  </gmd:date>
                </gmd:CI_Citation>
              </gmd:specification>
              <gmd:explanation>
                <gco:CharacterString/>
              </gmd:explanation>
              <gmd:pass>
                <gco:Boolean>true</gco:Boolean>
              </gmd:pass>
            </gmd:DQ_ConformanceResult>
          </gmd:result>
        </gmd:DQ_DomainConsistency>
      </gmd:report>
      <gmd:lineage>
        <gmd:LI_Lineage>
          <gmd:statement xsi:type="gmd:PT_FreeText_PropertyType">
            <gco:CharacterString>Die Klimadaten stammen aus den Stationsmessnetzen des Deutschen Wetterdienstes, die regelmäßig um aktuelle, und um
nacherfasste historische Daten ergänzt werden. Seit 1997 werden die Klimadaten operationell in die zentrale MIRAKEL-
Datenbank importiert und archiviert, siehe Behrendt et al., 2011, und Kaspar et al., 2013. Genauere Angaben zu den aktuellen
Beobachtungs- und Messverfahren siehe VuB 3 Beobachterhandbuch (DWD, 2014a), VuB 3 Technikerhandbuch (DWD, 2014b)
und VuB 2 Wetterschlüsselhandbuch (DWD, 2013). In früheren Zeiten wurden die operationellen Prozeduren (Beobachtungs- und
Messverfahren, Beobachtungszeiten und Mittelungsverfahren) von den damalig verantwortlichen Behörden ausgegeben (siehe z.B.
Freydank, 2014), und sind möglicherweise in den historischen Metadaten nicht vollständig erfasst. Wie in Kaspar et al., 2013 erklärt,
waren früher verschiedene meteorologische Organisationen auf dem Gebiet des heutigen Deutschlands aktiv. Nach der Gründung der
International Meteorological Organization (IMO) in 1873, wurden die verschiedenen Standards schrittweise angeglichen, ab 1936 galt
ein gemeinsamer Standard. Nach 1945 entwickelten sich die Standards in Ost- und Westdeutschland unterschiedlich, und wurden nach
der Wiedervereinigung 1990 wieder harmonisiert. Im Zeitraum zwischen Ende der neunziger Jahre und 2009 wurden viele Stationen
von manuell auf automatisiert umgestellt. Die Details zu den operationellen Messprozeduren sind in den Metadaten erfasst, aber
können für die historischen Zeiträume unvollständig sein.</gco:CharacterString>
            <gmd:PT_FreeText>
              <gmd:textGroup>
                <gmd:LocalisedCharacterString locale="#eng">These climate data are from the station networks of Deutschen Wetterdienst which are regularly updated with recent data, and with
recovered historical data. From 1997 onwards, the data are operationally collected in the central MIRAKEL data base and archived,
see Behrendt et al., 2011, and Kaspar et al., 2013. For details on current measurement and observation procedures see VuB 3
Beobachterhandbuch (DWD, 2014a), VuB 3 Technikerhandbuch (DWD, 2014b) and VuB 2 Wetterschlüsselhandbuch (DWD, 2013).
Note that when going back to historical times, guidelines on observation procedure, instruments and observation times were issued by
the authority in charge (see, e.g., Freydank, 2014), and might be incompletely recorded in the metadata.
As explained in Kaspar et al., 2013 in the early years numerous meteorological agencies were active in the area of todays Germany.
After establishment of the der International Meteorological Organization (IMO) in 1873, the various standards were gradually
harmonized, resulting in a single standard 1936. After 1945, the standards in East and West Germany developed differently, and were
harmonized again after re-unification in 1990. Between the end of the nineties and 2009 many stations were changed from manual to
automated.</gmd:LocalisedCharacterString>
              </gmd:textGroup>
            </gmd:PT_FreeText>
          </gmd:statement>
        </gmd:LI_Lineage>
      </gmd:lineage>
    </gmd:DQ_DataQuality>
  </gmd:dataQualityInfo>
</gmd:MD_Metadata>
